{
  "version": "7",
  "dialect": "mysql",
  "entries": [
    {
      "idx": 0,
      "version": "5",
      "when": 1772096455205,
      "tag": "0000_equal_golden_guardian",
      "breakpoints": true
    },
    {
      "idx": 1,
      "version": "5",
      "when": 1772096561839,
      "tag": "0001_complete_gressill",
      "breakpoints": true
    },
    {
      "idx": 2,
      "version": "5",
      "when": 1772098693290,
      "tag": "0002_many_angel",
      "breakpoints": true
    },
    {
      "idx": 3,
      "version": "5",
      "when": 1772099842004,
      "tag": "0003_violet_whirlwind",
      "breakpoints": true
    }
  ]
}